iteration,mean_perf,stderr_perf
0,8.92578125,0.150198854102335
1,16.0205078125,1.619338549726347
2,28.45703125,2.579922547142981
3,33.8232421875,2.3298862289790385
4,34.16015625,3.365625682576113
5,46.4501953125,2.4329176430129418
6,51.9775390625,1.9628157213890451
7,57.0361328125,3.1684102562013385
8,63.26171875,2.235645706469054
9,67.0458984375,2.5597142943918794
10,72.6416015625,1.0055656786198917
11,72.83203125,1.4616429149592913
12,72.1875,1.8332950703645026
13,75.2685546875,1.2342831863187371
14,75.966796875,1.4634288595037142
15,78.9208984375,1.735854151041307
16,80.78125,0.7698481682262488
17,83.1103515625,0.6417158396981814
18,81.5673828125,1.0597753057909856
19,81.953125,1.3655822048858066
20,83.759765625,0.9540370892046729
21,83.45703125,1.065448136504516
22,85.4248046875,0.7465453232075971
23,85.625,0.9153215191090964
24,84.9072265625,0.5778086486948466
25,86.81640625,0.659892634640202
26,87.2314453125,0.42990014565426843
27,86.396484375,0.8956911432546476
28,85.52734375,1.0529781351084613
29,86.4306640625,0.6558033063736883
30,86.904296875,1.00247204723375
31,87.0361328125,0.8629449234281971
32,88.3056640625,0.7304026709240455
33,88.017578125,0.8357775130035532
34,88.33984375,0.44780120544316776
35,88.5498046875,0.552103390119412
36,89.4091796875,0.38097412467392217
37,89.12109375,0.20967686087484266
38,89.8046875,0.4373866343077869
39,89.6630859375,0.44941036542071466
40,89.4384765625,0.4860544928624138
41,89.501953125,0.28490047509168054
42,89.78515625,0.2859955720002952
43,89.84375,0.5202226237232547
44,89.9560546875,0.6256460453592125
45,90.029296875,0.2643341412846587
46,89.970703125,0.4347379173124101
47,91.0595703125,0.2600552912551865
48,90.390625,0.29538213143296
49,90.41015625,0.2958660268851433
50,90.13671875,0.7278503161802375
51,91.318359375,0.3363120187055188
52,91.4013671875,0.17384915456828678
53,91.1572265625,0.18903345422617002
54,91.318359375,0.22373489944582786
55,90.8349609375,0.22233930788110162
56,91.09375,0.4493602585087864
57,91.1181640625,0.2663955979689637
58,91.4111328125,0.32734272060672465
59,91.6015625,0.1586392308725417
60,91.7626953125,0.16309373421981704
61,91.7822265625,0.18183332678785813
62,91.8505859375,0.15048958741163818
63,91.5478515625,0.21051535731232002
64,91.7626953125,0.22138408383917574
65,91.904296875,0.3072509738681479
66,91.8994140625,0.21732629965105354
67,91.787109375,0.1865436039309167
68,91.77734375,0.3901635729550163
69,92.109375,0.15817097152677526
70,91.7919921875,0.1703083811659507
71,92.099609375,0.26742284373100095
72,91.85546875,0.26009094212810124
73,92.40234375,0.17638303625187585
74,92.3876953125,0.13009638742443075
75,92.1923828125,0.2730739538238656
76,91.953125,0.356203691175716
77,92.2021484375,0.1925875998662247
78,92.578125,0.1921676060305396
79,92.900390625,0.1314636751712804
80,92.3193359375,0.274100332844652
81,92.3046875,0.2695343951104746
82,92.6171875,0.17435887683388124
83,92.6513671875,0.2706182555076984
84,92.8564453125,0.20368476098862973
85,92.8515625,0.2701234561943326
86,93.0078125,0.28830195085266314
87,92.646484375,0.1561482416043158
88,92.822265625,0.1969333784147679
89,92.8076171875,0.22960759140325077
90,93.0224609375,0.1608695503002757
91,93.0517578125,0.23224605460318049
92,92.9833984375,0.12332256991871494
93,92.87109375,0.23029304890395824
94,93.3251953125,0.2294921875
95,92.8759765625,0.22310054242523972
96,93.3349609375,0.2424256169395783
97,93.0712890625,0.22393017968935156
98,92.7392578125,0.20907587601301544
99,93.0126953125,0.1923673895749637
100,93.0224609375,0.23636152663693552
101,93.2958984375,0.18022363263346697
102,93.37890625,0.20002983718407832
103,93.076171875,0.27523359145739545
104,93.4375,0.2047419947072446
105,93.28125,0.22176069440431115
106,93.28125,0.25342586099156145
107,93.5791015625,0.1595135122200731
108,93.427734375,0.1586726250905461
109,93.4130859375,0.13723125975411027
110,93.2421875,0.22602025178177018
111,93.671875,0.15427077618584356
112,93.5302734375,0.23487743635517272
113,93.349609375,0.20520725927701156
114,93.3740234375,0.24490440423966053
115,93.4326171875,0.15045437693211747
116,93.603515625,0.08138020833333331
117,93.466796875,0.28765802877754393
118,93.84765625,0.14828179653555174
119,93.4521484375,0.27132215158477646
120,93.69140625,0.12749450538780038
121,93.90625,0.18725230492538614
122,94.267578125,0.1603334681774056
123,93.49609375,0.19255320860898764
124,93.7060546875,0.12658743069889816
125,93.9892578125,0.19305471272212163
126,93.5791015625,0.24023018465462426
127,93.515625,0.24820830131130536
128,93.96484375,0.22962489698630725
129,93.8623046875,0.16758000931746217
130,94.150390625,0.10262944512001593
131,93.9306640625,0.17102240047758366
132,94.345703125,0.16895754260886692
133,93.9453125,0.15285620939939967
134,93.8427734375,0.21573584712779734
135,94.1650390625,0.2017507116301784
136,94.0966796875,0.26127483114036076
137,93.8671875,0.15392695856167823
138,94.1455078125,0.18160007621251922
139,94.2041015625,0.16146128662033565
140,94.1162109375,0.19275259248579116
141,94.12109375,0.15114826518546742
142,94.0185546875,0.20030114495964885
143,94.3017578125,0.1371540225116029
144,94.404296875,0.19682573512800747
145,94.2919921875,0.12679652801798386
146,93.916015625,0.07606329066111928
147,94.3310546875,0.1976651383630897
148,94.4140625,0.1712004400039675
149,94.5458984375,0.18183332678785813
150,94.501953125,0.16807722191960398
151,94.365234375,0.16649364391333882
152,94.326171875,0.19744388260573892
153,94.58984375,0.1319865555515188
154,94.35546875,0.13718299157360336
155,94.51171875,0.11210400623517294
156,94.1259765625,0.15147215782294898
157,94.2431640625,0.18931352468751816
158,94.5556640625,0.1585139398979829
159,94.66796875,0.13710572713966593
160,94.462890625,0.1833060966836079
161,94.6728515625,0.16905942577576277
162,94.2919921875,0.25811256902163177
163,94.7265625,0.17844362075085604
164,94.5849609375,0.21351412463708833
165,94.6875,0.12770211748654314
166,94.78515625,0.18440115935245502
167,94.6142578125,0.2002746920877744
168,94.580078125,0.19354123041920243
169,94.90234375,0.1558085669762281
170,94.609375,0.18039259117835169
171,94.4921875,0.13515976231788213
172,94.6435546875,0.1884158338044408
173,94.794921875,0.12484901634612698
174,94.2333984375,0.1976651383630897
175,94.853515625,0.12484901634612698
176,94.853515625,0.1942516764041106
177,94.8193359375,0.18549689796598265
178,94.7412109375,0.15321107551417587
179,94.462890625,0.163766422240954
180,94.794921875,0.21814753812195975
181,94.8095703125,0.18342889549325964
182,94.82421875,0.15492192752982803
183,94.70703125,0.20603180206310753
184,94.5751953125,0.11881510416666666
185,95.0439453125,0.1742752933786534
186,94.8828125,0.08637043724883854
187,94.9462890625,0.13505192076112627
188,94.9462890625,0.1389196149959026
189,94.7509765625,0.20935444137834106
190,95.15625,0.16706546120255653
191,95.0732421875,0.17984105427512545
192,95.0537109375,0.15269147959466978
193,95.09765625,0.1227088334959034
194,95.390625,0.1104374704016105
195,94.94140625,0.13640837786300106
196,94.8583984375,0.08490105049313135
197,95.0634765625,0.09075261627246517
198,95.1611328125,0.22226780847699718
199,94.970703125,0.13772262891475376
200,94.9169921875,0.15084124015752162
201,94.833984375,0.1841136164372301
202,94.82421875,0.14846034180978357
203,94.9609375,0.08758869822313611
204,94.9169921875,0.15362548693407396
205,95.087890625,0.07536352150254053
206,95.1318359375,0.11394391681762459
207,95.2294921875,0.16113281249999997
208,95.068359375,0.1545795582107261
209,95.048828125,0.14341400242129354
210,94.8388671875,0.11111900513475445
211,94.82421875,0.13122164303871336
212,95.205078125,0.1493143872549442
213,95.46875,0.11411815197238348
214,95.1708984375,0.11496232673444207
215,95.078125,0.17752080995359348
216,95.205078125,0.09705762705648159
217,95.322265625,0.1586058296234353
218,94.794921875,0.19205729166666666
219,95.2490234375,0.12375144469577057
220,95.1220703125,0.1040776190022667
221,95.29296875,0.14742176919562827
222,94.8828125,0.194605926792124
223,95.0830078125,0.18558256464140796
224,95.3173828125,0.11496232673444207
225,95.46875,0.17496555534344643
226,94.921875,0.1601350765136568
227,95.1513671875,0.18371751009310786
228,95.0634765625,0.11121432490791998
229,95.009765625,0.1442611966546897
230,95.244140625,0.146881694956751
231,95.2294921875,0.23698833294142996
232,95.166015625,0.1737805705083221
233,95.3271484375,0.1939582498552284
234,95.107421875,0.10365679250059022
235,95.3369140625,0.19466717391622984
236,95.3564453125,0.2130172617270113
237,95.48828125,0.13737596253912235
238,95.439453125,0.1454316920813065
239,95.2587890625,0.19605030998826606
240,95.224609375,0.11435005254069203
241,95.44921875,0.16207538130865368
242,95.517578125,0.15125338744126227
243,95.2392578125,0.13465904161375686
244,95.41015625,0.1594719884624465
245,95.4248046875,0.18995611966809545
246,95.44921875,0.18809922152595918
247,95.4931640625,0.15680004367352005
248,95.4833984375,0.16312621654123446
249,95.4638671875,0.1274217612373036
250,95.5224609375,0.15680004367352005
251,95.0,0.14938533731228862
252,95.3662109375,0.15871435798232542
253,95.5615234375,0.14066304763549783
254,95.478515625,0.13484580193494777
255,95.46875,0.12518805028013938
256,95.5517578125,0.10634372541614344
257,95.3564453125,0.15602095027998494
258,95.5224609375,0.12816801512115905
259,95.48828125,0.0977104884101799
260,95.283203125,0.2137311389476493
261,95.341796875,0.20884134026491458
262,95.44921875,0.11058130046525409
263,95.4833984375,0.1261261963936157
264,95.4443359375,0.10846488985381599
265,95.48828125,0.1546138292583062
266,95.419921875,0.16738229338779217
267,95.6103515625,0.13761679572869773
268,95.6005859375,0.1616908214653757
269,95.52734375,0.1656961795914637
270,95.5712890625,0.14703491739673613
271,95.5224609375,0.12027763533100466
272,95.5029296875,0.12124285525041466
273,95.5810546875,0.11965935075333853
274,95.4736328125,0.13223720440722397
275,95.380859375,0.10038505172597183
276,95.380859375,0.18955824689506076
277,95.498046875,0.1469898685530682
278,95.52734375,0.0903870011517892
279,95.3173828125,0.18391927083333331
280,95.48828125,0.19178122814655513
281,95.419921875,0.07866566389058965
282,95.68359375,0.16016815885602267
283,95.5224609375,0.11555989583333333
284,95.5859375,0.21887494106789374
285,95.625,0.14099223846163875
286,95.556640625,0.14466462267766256
287,95.6640625,0.15420207398863295
288,95.5859375,0.1518477055949297
289,95.6298828125,0.14062537675971906
290,95.712890625,0.15793632123317972
291,95.6005859375,0.12014541363255583
292,95.8349609375,0.12981099857806258
293,95.7177734375,0.13461969063640764
294,95.703125,0.12288141984490153
295,95.498046875,0.14110492709435704
296,95.4150390625,0.1616908214653757
297,95.5859375,0.1123400646271966
298,95.3759765625,0.277843997267824
299,95.64453125,0.19677189140244025
300,95.693359375,0.10937693760684533
301,95.6689453125,0.18110342127747048
302,95.859375,0.11010113623234219
303,95.9423828125,0.15013711102319457
304,95.947265625,0.15111320818274948
305,95.8203125,0.12653510238005736
306,95.7958984375,0.1429051288362685
307,95.634765625,0.13065515781503564
308,95.87890625,0.08950343154210626
309,95.9912109375,0.08778506875105338
310,95.869140625,0.055529694365989514
311,95.6201171875,0.15094657623192162
312,95.869140625,0.11853607718771565
313,95.712890625,0.13959493256765343
314,95.654296875,0.13282686043686956
315,95.771484375,0.1976316306856841
316,95.8349609375,0.12332256991871494
317,95.72265625,0.20564570927196724
318,95.810546875,0.16658908309796855
319,95.947265625,0.1175936970585185
320,95.9912109375,0.13876697699898272
321,96.0400390625,0.14456387171736104
322,95.9130859375,0.21346449038881218
323,95.888671875,0.11082060241242969
324,95.693359375,0.19075631932270326
325,96.064453125,0.14155478453879491
326,95.830078125,0.11019733645710127
327,95.76171875,0.1708286687942959
328,95.732421875,0.13776109355142466
329,95.91796875,0.16295561211958107
330,95.9033203125,0.14996056214859974
331,95.7470703125,0.163806857396811
332,95.9228515625,0.10325990836954363
333,96.0693359375,0.11988053273646024
334,95.80078125,0.10522936116695711
335,96.1279296875,0.13102971720428863
336,95.8056640625,0.12405077481960433
337,95.9716796875,0.09880241022640747
338,96.2158203125,0.12696355793135672
339,95.9228515625,0.09663364328644138
340,95.9521484375,0.14889687290578657
341,95.9814453125,0.11135715158266486
342,95.9375,0.09868168223453201
343,95.8984375,0.0894442165627219
344,96.123046875,0.12548395356377853
345,95.927734375,0.11257562803249077
346,95.927734375,0.09743899444723807
347,95.9814453125,0.13303610733671511
348,95.8984375,0.126073676634356
349,95.908203125,0.13826016003642772
350,95.9423828125,0.13587326929323143
351,96.064453125,0.09661993541442598
352,96.064453125,0.12399737600742779
353,95.8544921875,0.1539699777510712
354,96.0400390625,0.19015126102241242
355,95.966796875,0.12819901476246887
356,96.0009765625,0.2064492544365063
357,96.0498046875,0.14438050803154356
358,95.6396484375,0.17133191552670227
359,95.9765625,0.1292280809979115
360,95.8544921875,0.2403624760792651
361,96.1279296875,0.10473730822393339
362,96.11328125,0.14470124199800044
363,96.123046875,0.15079732841016236
364,95.9033203125,0.13430446774659016
365,96.2060546875,0.09435893906663896
366,95.791015625,0.13077675407943143
367,95.8349609375,0.17740885416666666
368,96.1474609375,0.1894534046568669
369,96.1474609375,0.07036447370187918
370,96.259765625,0.12840548778200533
371,96.044921875,0.10522936116695711
372,96.162109375,0.17411561354578556
373,95.8251953125,0.15884782955682886
374,96.3232421875,0.12417883828263328
375,95.91796875,0.13621403615174268
376,95.9228515625,0.11854725087649833
377,96.064453125,0.12569488656450403
378,96.142578125,0.15492192752982803
379,96.1669921875,0.12570542392350018
380,95.908203125,0.13710572713966593
381,96.142578125,0.1226656489675571
382,96.162109375,0.09985587011834614
383,95.9326171875,0.14058769578992156
384,95.9521484375,0.11610876840502479
385,96.30859375,0.0977104884101799
386,96.4111328125,0.1271720368204268
387,96.2158203125,0.18674940410055366
388,96.103515625,0.1295556558732578
389,96.2060546875,0.13123173662305496
390,96.3232421875,0.14264536858467114
391,96.1669921875,0.15376337587639308
392,96.15234375,0.10211189545155028
393,96.2548828125,0.12671293049578072
394,96.3427734375,0.13371142186550047
395,96.220703125,0.12184223484513607
396,96.1376953125,0.09804879870982443
397,96.298828125,0.18266911258591406
398,96.2353515625,0.13567816110916295
399,96.0302734375,0.17040168379228815
400,96.4013671875,0.13849945572594274
401,96.1962890625,0.10929213518359077
402,96.3427734375,0.1412269049774418
403,96.1572265625,0.132437381942958
404,96.259765625,0.09009344077537791
405,96.23046875,0.13883377677171954
406,96.103515625,0.17496555534344643
407,96.279296875,0.08606317751563988
408,96.4794921875,0.15636016353024051
409,96.2646484375,0.07028913698466531
410,96.1279296875,0.14190057629477276
411,96.1767578125,0.16930995391286913
412,96.357421875,0.1137461276670322
413,96.3720703125,0.19106852867779117
414,96.50390625,0.0963453684046142
415,96.1865234375,0.18290824158193614
416,96.2744140625,0.22658798834417462
417,96.3818359375,0.14028588367035477
418,96.1279296875,0.09519745322844896
419,96.3037109375,0.07841269186488219
420,96.0888671875,0.10684077755388222
421,96.3330078125,0.14234791929743637
422,96.42578125,0.12131930438531395
423,96.2158203125,0.07915245062361867
424,96.2353515625,0.10659254121115194
425,96.50390625,0.1292280809979115
426,96.279296875,0.169583545281655
427,96.3037109375,0.10165687805746869
428,96.435546875,0.10370789272183588
429,96.25,0.12518805028013938
430,96.2158203125,0.10629389236494594
431,96.2548828125,0.18827518296832335
432,96.2353515625,0.13331459231591944
433,96.240234375,0.1031957518499177
434,96.30859375,0.1457955447692623
435,96.2890625,0.1599695621784585
436,96.3427734375,0.09277343749999999
437,96.15234375,0.13457048573303634
438,96.3623046875,0.10924364709993381
439,96.4404296875,0.11097587196439314
440,96.4306640625,0.11542226986648044
441,96.455078125,0.09241581749074472
442,96.4892578125,0.1305030031601634
443,96.4208984375,0.10524194765838028
444,96.2353515625,0.201251132664412
445,96.416015625,0.10578175006036405
446,96.2939453125,0.14565920652233316
447,96.3671875,0.11786371738432078
448,96.42578125,0.16895754260886692
449,96.2890625,0.15005768973458475
450,96.2890625,0.09846668920738395
451,96.34765625,0.16207538130865368
452,96.5478515625,0.19828066898678665
453,96.328125,0.19241558211108917
454,96.533203125,0.1326272707517146
455,96.4990234375,0.16946634592285537
456,96.46484375,0.09440104166666667
457,96.1376953125,0.17277920939406735
458,96.3525390625,0.13082738583404024
459,96.5478515625,0.07874980731382125
460,96.30859375,0.17502610753606856
461,96.42578125,0.11034147953566596
462,96.552734375,0.13206681494206243
463,96.6259765625,0.1556809979198987
464,96.4697265625,0.13263725736900608
465,96.4306640625,0.14836216849898398
466,96.630859375,0.1350028733940607
467,96.23046875,0.10442067013245729
468,96.484375,0.09792714164382373
469,96.630859375,0.10672914264814452
470,96.5283203125,0.19140099066257923
471,96.4208984375,0.12159194463294115
472,96.640625,0.09623532225972971
473,96.4306640625,0.13548277195089034
474,96.572265625,0.14878118335971927
475,96.4208984375,0.16129713317547578
476,96.6357421875,0.13528710060101792
477,96.5625,0.1128106995518454
478,96.66015625,0.10727380894065157
479,96.5234375,0.13959493256765343
480,96.640625,0.09651020234618224
481,96.591796875,0.13417619691096971
482,96.748046875,0.11536487725696191
483,96.328125,0.09512785935027641
484,96.6064453125,0.1250716110249878
485,96.7626953125,0.16836855126529945
486,96.591796875,0.0931581251383736
487,96.7041015625,0.15150713176888328
488,96.767578125,0.14407744776256984
489,96.6650390625,0.14739481248266184
490,96.6845703125,0.17880696702734916
491,96.6357421875,0.1307058366726162
492,96.4111328125,0.14634867846786442
493,96.669921875,0.13338412271190025
494,96.5087890625,0.15683382950534364
495,96.4794921875,0.13469838109505589
496,96.767578125,0.12283829599032035
497,96.7041015625,0.09663364328644138
498,96.7138671875,0.125663269185922
499,96.4501953125,0.09739820508058059
500,96.4990234375,0.16662883329135636
501,96.3330078125,0.12340846410981356
502,95.888671875,0.2157788205621947
503,96.1328125,0.11034147953566596
504,95.8203125,0.10971549183823383
505,95.8984375,0.09264485332524548
506,95.5126953125,0.14438050803154356
507,95.224609375,0.24444425563612301
508,95.458984375,0.15041035224150937
509,95.439453125,0.1728941630844987
510,94.82421875,0.22821308914493632
511,95.2392578125,0.14360782392434318
512,95.166015625,0.20302690272802962
513,95.078125,0.13417619691096971
514,95.0390625,0.21607326530307408
515,94.9169921875,0.1595467234451301
516,95.0927734375,0.2039706892012248
517,94.677734375,0.2730302957532159
518,95.048828125,0.16181365262547615
519,94.9365234375,0.18183332678785813
520,95.0341796875,0.125663269185922
521,94.7900390625,0.16390386107135912
522,94.7412109375,0.15147215782294898
523,94.84375,0.1760824002122203
524,94.6923828125,0.16374215635453312
525,94.86328125,0.14895913006051498
526,95.0927734375,0.1539355633613362
527,95.2197265625,0.0961389285522289
528,95.283203125,0.1690202472102496
529,95.1220703125,0.09992217108184132
530,95.0341796875,0.11692724645613158
531,95.166015625,0.19189170121340487
532,95.01953125,0.11646187382811404
533,95.400390625,0.14389346422721577
534,95.0146484375,0.18232799349723525
535,95.1806640625,0.21221986144629618
536,95.146484375,0.18927853854305507
537,95.0537109375,0.17919175319844874
538,95.400390625,0.09230108645024625
539,95.0830078125,0.13123173662305496
540,95.205078125,0.1852611103532838
541,95.263671875,0.19814033585329688
542,95.4345703125,0.09772404330910205
543,95.56640625,0.15177790659993184
544,94.990234375,0.17042500146755762
545,95.0830078125,0.19286250914878997
546,95.1025390625,0.23631669114041856
547,95.4296875,0.17212635503127977
548,95.3857421875,0.12315060181007126
549,95.4052734375,0.13567816110916295
550,95.6005859375,0.17339141508363967
551,95.498046875,0.1323873659353044
552,95.64453125,0.15658871706778246
553,95.6298828125,0.1047878815287752
554,95.537109375,0.14322916666666666
555,95.4833984375,0.14544079949228583
556,95.2490234375,0.1357952596589593
557,95.4443359375,0.10624403593989315
558,95.3955078125,0.08644708154224935
559,95.6201171875,0.19450380539406228
560,95.7568359375,0.11286939093480344
561,95.556640625,0.1428216859927103
562,95.5322265625,0.17981159145476475
563,95.5029296875,0.13528710060101792
564,95.439453125,0.15933903972031793
565,95.6396484375,0.12332256991871494
566,95.576171875,0.17150963375416003
567,95.546875,0.23527748697386264
568,95.5810546875,0.16554422708165614
569,95.6982421875,0.13876697699898272
570,95.64453125,0.12044270833333334
571,95.46875,0.16674802701648042
572,95.4638671875,0.1181443323174447
573,95.654296875,0.11508899433374795
574,95.7568359375,0.05659289925362536
575,95.869140625,0.11257562803249077
576,95.712890625,0.15454527956340128
577,95.46875,0.08606317751563988
578,95.7861328125,0.13773224608098977
579,95.4345703125,0.15496467050968116
580,95.7177734375,0.14245953556076782
581,95.625,0.11718749999999999
582,95.60546875,0.08973990072975403
583,95.6494140625,0.10559376030799865
584,95.5859375,0.15529766200360107
585,95.7373046875,0.0976698124262858
586,95.76171875,0.13864283488962795
587,95.712890625,0.15142842903141937
588,95.5517578125,0.1515420976432858
589,95.83984375,0.16848651425270225
590,95.6494140625,0.07820972510894507
591,95.6396484375,0.09407777354569287
592,95.556640625,0.1675721051592936
593,95.595703125,0.12624166295355022
594,95.4150390625,0.1263779874206
595,95.986328125,0.08324682195666941
596,95.771484375,0.1540989632622998
597,95.810546875,0.1353556177492955
598,95.8544921875,0.12490205106087024
599,95.732421875,0.12313984582928214
600,95.7666015625,0.11463926857383029
601,95.634765625,0.10578175006036405
602,95.7470703125,0.15171680613760025
603,95.810546875,0.20751793555350556
604,96.025390625,0.09440104166666667
605,96.0205078125,0.1674534980156195
606,95.8251953125,0.11282244027098548
607,96.0107421875,0.13811638361703635
608,95.7470703125,0.16858868207631733
609,96.1181640625,0.13247738115315516
610,95.8642578125,0.13021850546204175
611,95.9619140625,0.22435565568754118
612,95.927734375,0.18997703725800616
613,96.064453125,0.14155478453879491
614,96.0693359375,0.11068905036405798
615,96.0986328125,0.16921604932776813
616,95.947265625,0.17962733934012232
617,95.5615234375,0.11519252785950843
618,95.8251953125,0.1623122083847135
619,96.1865234375,0.12319361634222825
620,95.9130859375,0.11254032495483417
621,95.9765625,0.14742176919562827
622,95.7421875,0.12666065402567525
623,95.966796875,0.09523918514536323
624,95.8056640625,0.09558624257829441
625,95.8984375,0.07351295436612118
626,95.7177734375,0.13383024128041482
627,95.966796875,0.150092993273418
628,96.03515625,0.12770211748654314
629,96.0205078125,0.1606718205724094
630,95.9521484375,0.12907424409444557
631,96.318359375,0.15817097152677526
632,96.1083984375,0.13163484534893066
633,96.0205078125,0.17151735645645155
634,95.849609375,0.12288141984490153
635,95.8349609375,0.13021850546204175
636,96.0546875,0.11248146186960281
637,96.0400390625,0.13548277195089034
638,96.142578125,0.08973990072975403
639,95.9228515625,0.1570026496075089
640,96.0498046875,0.13971822872399745
641,96.03515625,0.15960482646004248
642,96.3134765625,0.09826470604247123
643,96.142578125,0.13242738025265618
644,96.1083984375,0.18429338333396358
645,96.0302734375,0.19106852867779117
646,96.1572265625,0.11183192308790288
647,96.103515625,0.10717498459084848
648,95.8984375,0.1146277139430925
649,96.142578125,0.1322271875754551
650,95.8935546875,0.1888932632737613
651,96.279296875,0.0734408474783755
652,95.9912109375,0.10279708772550865
653,96.2060546875,0.07670489367153761
654,96.2548828125,0.13792444858320563
655,95.9765625,0.04728463231228499
656,95.9375,0.08513474499102879
657,96.09375,0.1146277139430925
658,96.083984375,0.06820418893150053
659,96.142578125,0.10216376840153134
660,95.8984375,0.15337524725767898
661,96.103515625,0.12412549456339594
662,95.9375,0.1127167297733124
663,96.0107421875,0.09237281004988744
664,95.830078125,0.13640837786300106
665,96.2451171875,0.12927931928587624
666,96.083984375,0.10391204231453365
667,96.123046875,0.1029901824189868
668,96.0693359375,0.11832357661898332
669,96.328125,0.1096188687531428
670,96.123046875,0.10628143045126633
671,96.2744140625,0.0634765625
672,96.2353515625,0.1570363918493787
673,96.298828125,0.13158452429301912
674,96.1083984375,0.18007658330037207
675,96.025390625,0.15699421291389967
676,96.3232421875,0.12159194463294115
677,96.1474609375,0.15414193444722424
678,96.279296875,0.11481244849315363
679,96.064453125,0.160002678742767
680,96.123046875,0.14230138668225517
681,96.0888671875,0.1085625400107571
682,96.2841796875,0.16152690128793093
683,96.0888671875,0.09965670257058355
684,96.1474609375,0.13009638742443075
685,96.15234375,0.12497626185190408
686,96.0595703125,0.18183332678785813
687,96.2548828125,0.1430163102292557
688,96.11328125,0.09155183014599762
689,96.2939453125,0.12405077481960433
690,96.181640625,0.07557413259273371
691,96.2158203125,0.11491623117255112
692,96.240234375,0.06428521373089681
693,96.2890625,0.1394430337929941
694,96.025390625,0.08111937366130932
695,96.1669921875,0.08558474495530538
696,96.2744140625,0.12733857418013445
697,96.40625,0.07980241323002124
698,96.1083984375,0.10087207312725369
699,96.103515625,0.08637043724883854
700,96.1279296875,0.09179745216278368
701,96.3037109375,0.14685463910751337
702,96.171875,0.10195611825107959
703,96.162109375,0.0977104884101799
704,96.3916015625,0.1114522676807942
705,96.23046875,0.09456926462456998
706,96.4599609375,0.13287671101488166
707,96.25,0.12996396339633548
708,96.1474609375,0.17384915456828678
709,96.26953125,0.09716674190494336
710,96.0791015625,0.10919513748515303
711,96.533203125,0.1430070484146406
712,96.1474609375,0.09419034047024925
713,96.201171875,0.1444447117990481
714,96.1669921875,0.13563910579427516
715,96.2353515625,0.09277343749999999
716,96.220703125,0.14248742596509953
717,96.3134765625,0.0979947475487654
718,96.15234375,0.1705182402826666
719,96.3623046875,0.14507605710116767
720,96.30859375,0.10091145833333331
721,96.1572265625,0.12671293049578072
722,96.07421875,0.18899841623691127
723,96.1767578125,0.07739253533833815
724,96.2353515625,0.16509555348935143
725,96.1328125,0.13729880669897876
726,96.23046875,0.1462672001214907
727,96.1865234375,0.14565920652233316
728,96.513671875,0.1060318846022287
729,96.1669921875,0.0840228483016947
730,96.2255859375,0.1087088507779723
731,96.2158203125,0.10900088313966938
732,96.0888671875,0.12340846410981356
733,96.4990234375,0.12396532567922926
734,96.2939453125,0.12276279279383513
735,96.455078125,0.13126201271911425
736,95.99609375,0.15058637377891115
737,96.2109375,0.1732003332607165
738,96.484375,0.10820813892314232
739,96.279296875,0.16174815428131306
740,96.396484375,0.08513474499102879
741,96.2353515625,0.09858768047466021
742,96.5771484375,0.09075261627246517
743,96.181640625,0.1519523439711433
744,96.1279296875,0.1260841823363562
745,96.337890625,0.1594719884624465
746,96.298828125,0.12131930438531395
747,96.2255859375,0.15441666686429803
748,96.396484375,0.12412549456339594
749,96.42578125,0.14481104439801576
750,96.26953125,0.10452209868491096
751,96.3623046875,0.10274553451879315
752,96.376953125,0.12770211748654314
753,96.240234375,0.1699268637517993
754,96.0107421875,0.150419158210443
755,96.09375,0.10942536662741935
756,96.259765625,0.08649303551814076
757,96.0009765625,0.17551731970163292
758,96.259765625,0.08649303551814076
759,96.1328125,0.1703628139079365
760,96.4013671875,0.13657335088410272
761,96.3037109375,0.10649308465465879
762,96.3427734375,0.06569152366735209
763,96.5185546875,0.06553001998436651
764,96.279296875,0.12391189004345234
765,96.376953125,0.13997395833333331
766,96.259765625,0.12249275860824725
767,96.2890625,0.07351295436612118
768,96.3232421875,0.10217673252421554
769,96.1865234375,0.13430446774659016
770,96.3720703125,0.09294460634940907
771,96.07421875,0.10143513314376877
772,96.279296875,0.12666065402567525
773,96.26953125,0.16649364391333882
774,96.38671875,0.13772262891475376
775,96.455078125,0.1167345122203197
776,96.3623046875,0.11282244027098548
777,96.42578125,0.12728655466157
778,96.279296875,0.15574054314981362
779,96.4208984375,0.12858072916666669
780,96.416015625,0.11831238180590004
781,96.5771484375,0.08778506875105338
782,96.5576171875,0.11606312816410852
783,96.30859375,0.11559427672242646
784,96.2841796875,0.11333782785516722
785,96.513671875,0.09523918514536323
786,96.650390625,0.11421096870344292
787,96.4306640625,0.12426414060303638
788,96.1279296875,0.21071660284534055
789,96.5625,0.11536487725696191
790,96.484375,0.09264485332524548
791,96.38671875,0.17514714911867976
792,96.38671875,0.10190413959959979
793,96.2744140625,0.16309373421981704
794,96.357421875,0.1648948586186711
795,96.240234375,0.06981644072111723
796,96.2841796875,0.15636016353024051
797,96.38671875,0.08488544798440949
798,96.4990234375,0.1044840745163023
799,96.357421875,0.11718749999999999
800,96.640625,0.11481244849315363
801,96.689453125,0.09230108645024625
802,96.3037109375,0.1916223115322534
803,96.40625,0.1396708200060217
804,96.2646484375,0.1371926465682716
805,96.494140625,0.0766185045308582
806,96.4794921875,0.2207129672246194
807,96.6796875,0.11508899433374795
808,96.4697265625,0.14227345980794398
809,96.2255859375,0.0794197454346084
810,96.54296875,0.07557413259273371
811,96.494140625,0.11153542772794148
812,96.5380859375,0.1412269049774418
813,96.4013671875,0.09657880012465361
814,96.4453125,0.17435887683388124
815,96.38671875,0.11554843326366436
816,96.474609375,0.1509026951367091
817,96.5673828125,0.12858072916666669
818,96.5625,0.11210400623517294
819,96.4453125,0.12624166295355022
820,96.5283203125,0.10708843847393217
821,96.513671875,0.12484901634612698
822,96.328125,0.12914605745362873
823,96.54296875,0.1353556177492955
824,96.396484375,0.13921487487202536
825,96.2841796875,0.09586298387127097
826,96.6357421875,0.1723186277784208
827,96.416015625,0.08587829399917266
828,96.494140625,0.11248146186960281
829,96.298828125,0.12369791666666666
830,96.2939453125,0.11679123177675936
831,96.58203125,0.14356169968229132
832,96.494140625,0.12000200905707527
833,96.396484375,0.13417619691096971
834,96.787109375,0.12707826364546312
835,96.6259765625,0.07988535932166684
836,96.4990234375,0.09491877156134981
837,96.6259765625,0.07921935887785128
838,96.396484375,0.1331853681346275
839,96.3818359375,0.09965670257058355
840,96.3720703125,0.14208714037257433
841,96.328125,0.1221896118432517
842,96.5625,0.13126201271911425
843,96.2841796875,0.08185085260859477
844,96.4990234375,0.11715358667270902
845,96.40625,0.11605171529932218
846,96.7138671875,0.16789587051435997
847,96.3916015625,0.1381930829891104
848,96.4501953125,0.1459499074856265
849,96.6357421875,0.126168196460179
850,96.3623046875,0.07103890899347393
851,96.669921875,0.13768415353226954
852,96.66015625,0.0938381204778618
853,96.5771484375,0.14474700312055044
854,96.5576171875,0.15045437693211747
855,96.630859375,0.1202666224082758
856,96.4501953125,0.1854397648629208
857,96.71875,0.11527298964600113
858,96.7529296875,0.13005565593081367
859,96.5625,0.1314636751712804
860,96.4990234375,0.11692724645613158
861,96.4599609375,0.1393004782602839
862,96.640625,0.09143601500773528
863,96.5185546875,0.09955031694904314
864,96.6357421875,0.1364569200437707
865,96.66015625,0.06679129078347393
866,96.6845703125,0.11097587196439314
867,96.630859375,0.09629036105305364
868,96.54296875,0.12728655466157
869,96.5576171875,0.11422256549168457
870,96.6650390625,0.10269395543194892
871,96.7431640625,0.13888147122390518
872,96.513671875,0.11257562803249077
873,96.8212890625,0.12146115369014085
874,96.5283203125,0.06767780887464775
875,96.77734375,0.13848989183712662
876,96.9970703125,0.09635911533603961
877,96.767578125,0.14185389693685496
878,96.6162109375,0.10372066384345585
879,96.767578125,0.10937693760684533
880,96.8017578125,0.13127210319940893
881,96.7919921875,0.09092758934546497
882,96.8505859375,0.09069421689944683
883,96.6845703125,0.07545134756835455
884,96.630859375,0.11299840467258972
885,96.7529296875,0.08892440351333161
886,96.7578125,0.14174180375701328
887,96.8359375,0.10889146278436021
888,96.58203125,0.13162478267679512
889,96.6650390625,0.09265914926751487
890,96.630859375,0.11646187382811404
891,96.5283203125,0.171548243789037
892,96.6845703125,0.0883865493644887
893,96.513671875,0.133859929654636
894,96.5380859375,0.12907424409444557
895,96.572265625,0.08849138814497516
896,96.58203125,0.13887193364389025
897,96.669921875,0.09595965477202913
898,96.8310546875,0.10904947916666666
899,96.748046875,0.0852591201413333
900,96.58203125,0.11369953904018867
901,96.5966796875,0.132437381942958
902,96.4697265625,0.11782999868319183
903,96.6552734375,0.1410016326208564
904,96.71875,0.09787302329669861
905,96.8017578125,0.1189933380627229
906,96.5673828125,0.150419158210443
907,97.03125,0.11365293131572976
908,96.7138671875,0.12071732839055116
909,96.826171875,0.06510416666666667
910,96.728515625,0.12753605484478991
911,96.630859375,0.13282686043686956
912,96.9189453125,0.07073995381543206
913,96.728515625,0.12544172440102663
914,96.708984375,0.16392810302101785
915,96.884765625,0.12412549456339594
916,96.8310546875,0.10953425363535964
917,96.474609375,0.12412549456339594
918,96.6162109375,0.11737949044337755
919,96.8798828125,0.043338303892234205
920,96.69921875,0.13246738248291537
921,96.69921875,0.11875935121715299
922,96.787109375,0.10054326309557617
923,96.650390625,0.11853607718771565
924,96.5234375,0.13457048573303634
925,96.728515625,0.142636082683637
926,96.6259765625,0.14710696685219168
927,96.494140625,0.05768243862848096
928,96.6162109375,0.05251388608366432
929,96.6357421875,0.09777824411377337
930,96.611328125,0.17150963375416003
931,96.572265625,0.1311812609349602
932,96.71875,0.08260792669563491
933,96.650390625,0.10169595932170121
934,96.73828125,0.12582127662817505
935,96.6455078125,0.18472411012122997
936,96.494140625,0.09026969156160188
937,96.7138671875,0.11254032495483417
938,96.7333984375,0.08533676255806204
939,96.69921875,0.14813880537737958
940,96.7236328125,0.10708843847393217
941,96.8408203125,0.11440795423691388
942,96.5869140625,0.1539699777510712
943,96.6162109375,0.12899212272835
944,96.826171875,0.15560440628537917
945,96.708984375,0.15202206287546377
946,96.8212890625,0.1434601741498718
947,96.6796875,0.07351295436612118
948,96.7529296875,0.07066501740264455
949,96.806640625,0.10898873074728649
950,96.6748046875,0.10953425363535964
951,96.5234375,0.08544534341410602
952,96.7333984375,0.10733552795441112
953,96.8798828125,0.12080507496102544
954,96.6455078125,0.10060911107113016
955,96.7138671875,0.1275464400941736
956,96.9140625,0.16769852698426113
957,96.923828125,0.07529318688945558
958,96.650390625,0.11650735786571145
959,96.7333984375,0.137038085024686
960,96.7431640625,0.08458845351683777
961,96.943359375,0.10801210952498085
962,96.865234375,0.1086479119028557
963,96.7236328125,0.09475116912648361
964,96.953125,0.09825122573428755
965,96.845703125,0.09270202386652435
966,96.650390625,0.10401396685332329
967,96.7578125,0.1314636751712804
968,96.8603515625,0.10320858634432088
969,96.826171875,0.1226656489675571
970,96.572265625,0.12728655466157
971,96.6552734375,0.12250357140419084
972,96.7431640625,0.11347798185907135
973,96.767578125,0.11844664973086101
974,96.8505859375,0.09069421689944683
975,96.875,0.1439302797489202
976,96.806640625,0.15044557302462686
977,96.787109375,0.0997496969143526
978,96.73828125,0.1460859744291463
979,96.845703125,0.14322916666666666
980,96.953125,0.0883115883219436
981,96.8408203125,0.12816801512115905
982,97.03125,0.12914605745362873
983,96.923828125,0.0894442165627219
984,96.884765625,0.07832818629893207
985,97.0263671875,0.12254681304740277
986,96.9091796875,0.08521250073377881
987,96.923828125,0.13061460057121665
988,96.6259765625,0.1570363918493787
989,96.982421875,0.12873515581565878
990,96.42578125,0.08908810015236984
991,96.796875,0.1261156941914747
992,96.953125,0.12506102026236032
993,96.845703125,0.12819901476246887
994,96.8359375,0.07271584604065325
995,96.71875,0.11318579850725072
996,96.9482421875,0.11187928942763281
997,96.9384765625,0.09435893906663896
998,96.8701171875,0.10483843043742133
999,96.8798828125,0.12124285525041466
1000,96.884765625,0.09172527866930578
1001,96.2353515625,0.16185457563076494
1002,96.42578125,0.11058130046525409
1003,96.220703125,0.11741333852129839
1004,96.1474609375,0.13430446774659016
1005,95.64453125,0.21018162053851466
1006,95.80078125,0.20484547815823273
1007,95.68359375,0.13326490553684062
1008,95.4638671875,0.16874574255576527
1009,95.439453125,0.13425514731315938
1010,95.4345703125,0.14156414136760764
1011,95.25390625,0.17267952096191203
1012,95.5322265625,0.15547666971470378
1013,95.4541015625,0.14066304763549783
1014,95.2392578125,0.14634867846786442
1015,95.0830078125,0.168525816899497
1016,95.1220703125,0.11357132177356452
1017,95.1025390625,0.10473730822393339
1018,95.0439453125,0.12032167694190248
1019,95.302734375,0.158103964122147
1020,95.0927734375,0.09745258710887177
1021,95.5078125,0.1680456966033894
1022,95.166015625,0.09683902851981456
1023,95.5029296875,0.1880499228168106
1024,95.1220703125,0.17506394202074904
1025,95.21484375,0.12649322413883754
1026,95.146484375,0.12075024082676696
1027,95.146484375,0.14813880537737958
1028,94.990234375,0.058774316683814415
1029,95.1416015625,0.12141752540076994
1030,95.1904296875,0.11305699861205895
1031,94.9072265625,0.17545693703202053
1032,95.1416015625,0.18186246207514464
1033,94.8388671875,0.14685463910751337
1034,94.970703125,0.14970419645269425
1035,95.1416015625,0.15984531395607895
1036,95.3564453125,0.0837702423988136
1037,94.9755859375,0.11610876840502479
1038,95.0830078125,0.17454869038138424
1039,95.2734375,0.10365679250059022
1040,95.2294921875,0.1497130439569987
1041,95.3759765625,0.07424801255180366
1042,95.0732421875,0.12276279279383513
1043,95.068359375,0.1547508375521447
1044,95.2978515625,0.0982107737079791
1045,95.0146484375,0.20203937694793764
1046,94.9755859375,0.09885601978554827
1047,95.0927734375,0.14671025697688758
1048,95.4443359375,0.14375532204916366
1049,95.3662109375,0.09750693880696717
1050,95.263671875,0.1351989561021822
1051,95.2197265625,0.18363097334309095
1052,95.3173828125,0.15636016353024051
1053,95.2197265625,0.1729324640005629
1054,95.17578125,0.10340091259289447
1055,95.302734375,0.12262244923071199
1056,95.322265625,0.15943876167003201
1057,95.107421875,0.10159170920785959
1058,95.2978515625,0.22018422630297804
1059,95.2294921875,0.11487011711324145
1060,95.3466796875,0.1674218552530514
1061,95.625,0.11741333852129839
1062,95.5224609375,0.1716408724371415
1063,95.2587890625,0.1608695503002757
1064,94.9072265625,0.15321107551417587
1065,95.25390625,0.12476411391104686
1066,95.1513671875,0.16260572075533897
1067,95.33203125,0.13226725035097686
1068,95.15625,0.11153542772794148
1069,95.4931640625,0.1402103291294386
1070,95.380859375,0.16049860723464907
1071,95.322265625,0.16240194900086485
1072,95.2294921875,0.17071232425393598
1073,95.302734375,0.1675404847976272
1074,95.4736328125,0.14540436642570914
1075,95.33203125,0.15237017888630794
1076,95.2099609375,0.20963263657900374
1077,95.478515625,0.126953125
1078,95.3857421875,0.14832645300292027
1079,94.9853515625,0.15147215782294898
1080,95.390625,0.15079732841016236
1081,95.2783203125,0.12650369499884792
1082,95.1904296875,0.15901451148050094
1083,95.341796875,0.11467392548052432
1084,95.458984375,0.1369510674997567
1085,95.341796875,0.11696122541159948
1086,95.2294921875,0.14320142072639408
1087,95.4296875,0.15237017888630794
1088,95.224609375,0.1533406993921078
1089,95.3369140625,0.10039824552923916
1090,95.25390625,0.19131100592337386
1091,95.4345703125,0.11537635806280781
1092,95.2099609375,0.15258734808931326
1093,95.380859375,0.15800339973322391
1094,95.3955078125,0.146312471471153
1095,95.400390625,0.12044270833333334
1096,95.41015625,0.1675721051592936
1097,95.458984375,0.14151735103700622
1098,95.2197265625,0.10831824955712784
1099,95.546875,0.17692289377215095
1100,95.6640625,0.1374916151168156
1101,95.6396484375,0.11850254979991794
1102,95.6005859375,0.1181443323174447
1103,95.4052734375,0.15101675946306795
1104,95.48828125,0.12053065482795325
1105,95.3759765625,0.1198363289986977
1106,95.5029296875,0.12658743069889816
1107,95.6298828125,0.14137688713039692
1108,95.5224609375,0.0894590239821699
1109,95.439453125,0.1052796981041421
1110,95.6005859375,0.13606809771176342
1111,95.2685546875,0.10509081026925733
1112,95.654296875,0.12857042746179362
1113,95.41015625,0.18557542726222948
1114,95.654296875,0.13242738025265618
1115,95.341796875,0.10578175006036405
1116,95.4296875,0.11421096870344292
1117,95.673828125,0.16886344204873616
1118,95.4736328125,0.14757443089257047
1119,95.2783203125,0.1459499074856265
1120,95.2099609375,0.10331120489946842
1121,95.3271484375,0.140399139246124
1122,95.419921875,0.1325873167605228
1123,95.5126953125,0.14419691117697214
1124,95.37109375,0.2120637692044574
1125,95.4638671875,0.1674851347999592
1126,95.56640625,0.16690681957414413
1127,95.6005859375,0.1236229384880094
1128,95.3955078125,0.11206855459050787
1129,95.556640625,0.15611430739950258
1130,95.8544921875,0.15987845625665406
1131,95.3515625,0.16690681957414413
1132,95.5078125,0.18784554747725923
1133,95.4833984375,0.14286804914471637
1134,95.380859375,0.16537611713386113
1135,95.5810546875,0.15801178254351886
1136,95.634765625,0.11986948333022114
1137,95.634765625,0.11139282963716583
1138,95.6494140625,0.10202105432431521
1139,95.8203125,0.1793616837754676
1140,95.654296875,0.1578020786919378
1141,95.3076171875,0.11633670103195592
1142,95.556640625,0.1371443647977923
1143,95.517578125,0.14370924514742262
1144,95.6201171875,0.14115185413915246
1145,95.7080078125,0.11168970354360522
1146,95.576171875,0.13326490553684062
1147,95.517578125,0.17405474460019338
1148,95.478515625,0.11763874348693132
1149,95.6201171875,0.14522206398889556
1150,95.5908203125,0.14115185413915246
1151,95.4296875,0.15682538372976437
1152,95.458984375,0.10164384763018225
1153,95.4345703125,0.09127652925006478
1154,95.4931640625,0.13402803955755324
1155,95.6396484375,0.20119847324500742
1156,95.7958984375,0.07718688607668864
1157,95.703125,0.19867440780816573
1158,95.56640625,0.13710572713966593
1159,95.6494140625,0.18363097334309095
1160,95.712890625,0.16911426051901743
1161,95.4736328125,0.17210326786666227
1162,95.25390625,0.1493143872549442
1163,95.5419921875,0.13283683204909313
1164,95.5908203125,0.14412340694832604
1165,95.6591796875,0.1490746815109426
1166,95.64453125,0.15692670303637954
1167,95.625,0.10727380894065157
1168,95.4296875,0.0960700166886309
1169,95.7568359375,0.0972348765054938
1170,95.44921875,0.1705182402826666
1171,95.5517578125,0.12447714065754487
1172,95.751953125,0.15611430739950258
1173,95.400390625,0.13652485010098156
1174,95.7763671875,0.1434232379561211
1175,95.5322265625,0.11742461904575363
1176,95.6201171875,0.12733857418013445
1177,95.9130859375,0.14811197916666666
1178,96.0107421875,0.12224380032959245
1179,95.6298828125,0.16618308802622178
1180,95.6103515625,0.07854771166675556
1181,95.5615234375,0.14529501241192583
1182,95.7958984375,0.13509114583333331
1183,95.6103515625,0.1114522676807942
1184,95.693359375,0.1303709921516978
1185,95.6298828125,0.14974842874689412
1186,95.6640625,0.16370170521718955
1187,95.615234375,0.16010198733538977
1188,95.60546875,0.16820326409848715
1189,95.6201171875,0.09848014002217345
1190,95.6884765625,0.16374215635453312
1191,95.6298828125,0.14743075367131664
1192,95.80078125,0.12523036498483947
1193,95.5224609375,0.17636050632570915
1194,95.83984375,0.09623532225972971
1195,95.56640625,0.1363306744229943
1196,95.791015625,0.15743232147583003
1197,95.791015625,0.11010113623234219
1198,95.869140625,0.09009344077537791
1199,95.849609375,0.09873535734442122
1200,96.0791015625,0.1648707588170245
1201,95.64453125,0.13613622178597973
1202,95.6884765625,0.1198363289986977
1203,95.80078125,0.11038948540242949
1204,95.7275390625,0.08558474495530538
1205,95.9228515625,0.161658050727004
1206,95.8642578125,0.09092758934546497
1207,95.7958984375,0.17139375146321947
1208,95.5322265625,0.1920641881706697
1209,95.7177734375,0.12981099857806258
1210,95.693359375,0.10106884567877619
1211,95.7373046875,0.08204481224693073
1212,95.78125,0.07430151178719614
1213,95.8056640625,0.17731923864276372
1214,95.78125,0.20253047174872763
1215,95.9423828125,0.06767780887464775
1216,95.498046875,0.08908810015236984
1217,95.849609375,0.10447139671797663
1218,95.6689453125,0.0982107737079791
1219,95.654296875,0.09953701075143656
1220,95.595703125,0.18310366029199523
1221,95.8056640625,0.11633670103195592
1222,95.966796875,0.1052796981041421
1223,95.68359375,0.09985587011834614
1224,95.732421875,0.058774316683814415
1225,95.8740234375,0.1926151084508338
1226,95.68359375,0.1974975431265301
1227,95.791015625,0.15055118593551012
1228,96.103515625,0.0773069146291531
1229,95.76171875,0.11295150763605126
1230,95.95703125,0.1056815304736193
1231,95.810546875,0.1854040477330487
1232,95.8154296875,0.1400212644140828
1233,95.966796875,0.12184223484513607
1234,95.80078125,0.07494052365378476
1235,95.83984375,0.12262244923071199
1236,95.7177734375,0.07280686603627944
1237,95.7568359375,0.07185462257371131
1238,95.95703125,0.1120094435812842
1239,96.0302734375,0.14430709731977776
1240,95.7421875,0.13997395833333331
1241,95.99609375,0.10190413959959979
1242,95.7861328125,0.19341115547205426
1243,95.9814453125,0.16113281249999997
1244,95.87890625,0.13871924318139658
1245,95.6689453125,0.10320858634432088
1246,95.8203125,0.1712004400039675
1247,96.09375,0.11276372445109878
1248,95.966796875,0.12292452857095836
1249,95.7666015625,0.12005718493431004
1250,95.7470703125,0.14419691117697214
1251,96.0400390625,0.15804530933840996
1252,95.8984375,0.12753605484478991
1253,95.732421875,0.1396708200060217
1254,95.8056640625,0.12189657775620301
1255,95.8544921875,0.13131245736673144
1256,96.0009765625,0.11881510416666666
1257,95.87890625,0.13621403615174268
1258,95.8935546875,0.1786587516777516
1259,95.7958984375,0.1551696729194673
1260,95.9716796875,0.1459862044042393
1261,95.9423828125,0.14511257259560478
1262,95.78125,0.14378296110258967
1263,95.8935546875,0.1181443323174447
1264,95.712890625,0.13978457391656177
1265,95.91796875,0.08079214613275297
1266,95.9130859375,0.11692724645613158
1267,95.8154296875,0.13481633066327356
1268,95.732421875,0.18899841623691127
1269,95.927734375,0.16886344204873616
1270,95.8056640625,0.1712391197541287
1271,95.7763671875,0.09772404330910205
1272,95.95703125,0.09484897320529598
1273,96.044921875,0.19244311528460223
1274,95.6689453125,0.08796594477129986
1275,95.966796875,0.17396340124853366
1276,95.8349609375,0.14935873499041225
1277,95.8349609375,0.19477601013909618
1278,95.9716796875,0.11282244027098548
1279,95.8984375,0.12774359941633193
1280,95.634765625,0.13621403615174268
1281,95.859375,0.1785623457278968
1282,95.9375,0.12153746551168272
1283,96.0302734375,0.14793301344257165
1284,96.103515625,0.12476411391104686
1285,96.0302734375,0.16129713317547578
1286,95.99609375,0.24196075435088713
1287,96.171875,0.1271616209936498
1288,95.966796875,0.11942666880106861
1289,96.0546875,0.15230061933970812
1290,95.8984375,0.14429791835482747
1291,95.859375,0.1191157191636197
1292,95.9375,0.11799849583588448
1293,95.8740234375,0.10248737950150498
1294,96.07421875,0.12205946132325958
1295,95.6640625,0.19824726534616033
1296,95.9228515625,0.10453477033418887
1297,95.810546875,0.15557035345505885
1298,96.083984375,0.13138304733470418
1299,96.0498046875,0.05612285042176649
1300,96.142578125,0.0998027976351295
1301,96.279296875,0.12518805028013938
1302,95.830078125,0.11257562803249077
1303,96.2109375,0.11257562803249077
1304,96.2060546875,0.1407759997797442
1305,96.025390625,0.08770959365434557
1306,96.064453125,0.07064627087959215
1307,96.0302734375,0.1537289152359163
1308,96.1083984375,0.07424801255180366
1309,96.0498046875,0.07403362900744895
1310,96.240234375,0.12857042746179362
1311,96.07421875,0.11718749999999999
1312,95.947265625,0.07634140234087614
1313,96.0107421875,0.14375532204916366
1314,96.044921875,0.11600605261201473
1315,95.9228515625,0.19164995867011653
1316,96.1572265625,0.19841422731325156
1317,95.927734375,0.1435986002611509
1318,96.0693359375,0.11044946339403351
1319,95.8740234375,0.1693412438695053
1320,95.9375,0.1735975472131951
1321,96.0546875,0.18310366029199523
1322,96.09375,0.17740138793539992
1323,96.083984375,0.11248146186960281
1324,96.1669921875,0.1506303470237611
1325,96.0400390625,0.1570363918493787
1326,96.2158203125,0.13147375017418222
1327,96.1474609375,0.10382277626182981
1328,95.8740234375,0.08742219402341006
1329,96.044921875,0.11736820558151005
1330,95.8154296875,0.10269395543194892
1331,96.103515625,0.17221867273973043
1332,95.986328125,0.09760198144899054
1333,96.4111328125,0.1690280836498398
1334,96.162109375,0.13484580193494777
1335,96.181640625,0.12175523573740263
1336,96.2109375,0.1591726976353861
1337,96.0107421875,0.13123173662305496
1338,96.0107421875,0.11371118798638391
1339,96.2158203125,0.1306652951590254
1340,96.2646484375,0.11943775917289928
1341,96.103515625,0.12603164506904907
1342,96.0498046875,0.11001689203203899
1343,96.1181640625,0.13968030303689158
1344,96.25,0.11867009201535275
1345,96.083984375,0.12645133202835307
1346,96.0498046875,0.11121432490791998
1347,96.103515625,0.09814331661250869
1348,96.19140625,0.12288141984490153
1349,96.1083984375,0.11670046725418849
1350,96.162109375,0.09270202386652435
1351,96.337890625,0.13182589017784235
1352,96.083984375,0.13097916366361137
1353,95.859375,0.12283829599032035
1354,96.1669921875,0.09853392491969604
1355,96.0791015625,0.15680004367352005
1356,96.201171875,0.1547165968530748
1357,96.015625,0.14322916666666666
1358,96.0205078125,0.10196910877393936
1359,96.064453125,0.09440104166666667
1360,96.162109375,0.1546138292583062
1361,96.2939453125,0.09503034229814453
1362,95.791015625,0.1056815304736193
1363,96.0986328125,0.10929213518359077
1364,96.2158203125,0.10753279074973261
1365,96.1083984375,0.1164732465027008
1366,96.162109375,0.05694288959809864
1367,96.220703125,0.11444268119301397
1368,95.9326171875,0.1151005026577939
1369,96.005859375,0.16895754260886692
1370,96.064453125,0.13698974877930215
1371,96.07421875,0.13004547106405062
1372,96.0302734375,0.09874877156326504
1373,96.26953125,0.10477524049108777
1374,95.99609375,0.12565272829178895
1375,96.171875,0.1209694282295706
1376,96.064453125,0.1123400646271966
1377,95.9814453125,0.11183192308790288
1378,96.3427734375,0.09641408346106695
1379,96.025390625,0.14524942394090562
1380,96.15234375,0.09733018481592481
1381,96.259765625,0.10502777216732864
1382,95.9814453125,0.09874877156326504
1383,96.11328125,0.09009344077537791
1384,96.328125,0.09484897320529598
1385,96.0986328125,0.07258822630526614
1386,96.2255859375,0.17086743270339141
1387,96.2060546875,0.08521250073377881
1388,96.0693359375,0.16458128593877508
1389,96.1767578125,0.12439198440290035
1390,96.171875,0.07675668048536195
1391,96.376953125,0.0800013393713835
1392,96.0400390625,0.1236229384880094
1393,96.30859375,0.12778506788014662
1394,95.9765625,0.1271616209936498
1395,96.1181640625,0.11352466140932164
1396,96.0009765625,0.06884207676613477
1397,96.0888671875,0.12211370756447065
1398,96.1181640625,0.11583465721782607
1399,96.171875,0.14849602510360732
1400,96.123046875,0.12421083351783145
1401,96.2109375,0.16791953615272046
1402,96.42578125,0.13768415353226954
1403,96.46484375,0.13601941676937618
1404,96.2060546875,0.10372066384345585
1405,96.1376953125,0.126168196460179
1406,96.357421875,0.07641077209834311
1407,96.2890625,0.11110708441325527
1408,96.025390625,0.18927853854305507
1409,96.2109375,0.15850558364505013
1410,96.4111328125,0.13777070803261382
1411,95.9423828125,0.09831860879257133
1412,96.142578125,0.12939197209864445
1413,96.220703125,0.1546138292583062
1414,96.2744140625,0.08107037373315282
1415,96.337890625,0.14738582581603868
1416,96.220703125,0.10995667808629254
1417,96.103515625,0.08482300924996994
1418,96.2109375,0.15631780212946572
1419,96.3916015625,0.10097706620602928
1420,96.2109375,0.11831238180590004
1421,96.26953125,0.16214074746630563
1422,96.328125,0.13594149100143946
1423,96.1767578125,0.1151005026577939
1424,96.4599609375,0.1273801744994997
1425,96.2158203125,0.11491623117255112
1426,96.0791015625,0.09739820508058059
1427,95.986328125,0.11504294952521021
1428,96.3134765625,0.13661213911291206
1429,95.95703125,0.0954059302718284
1430,96.4892578125,0.13548277195089034
1431,96.1572265625,0.15182153473231125
1432,96.40625,0.14378296110258967
1433,96.0498046875,0.1434601741498718
1434,96.0986328125,0.13509114583333331
1435,96.3916015625,0.10684077755388222
1436,96.19140625,0.13202669134552894
1437,96.1669921875,0.10377173261259819
1438,96.318359375,0.15202206287546377
1439,96.1767578125,0.1164732465027008
1440,96.064453125,0.16214074746630563
1441,96.2353515625,0.04629382374130173
1442,96.26953125,0.07176239480810091
1443,96.2158203125,0.16149409728651876
1444,96.0498046875,0.12532552083333331
1445,96.2060546875,0.09685270538288958
1446,96.3330078125,0.09305854400340367
1447,96.2255859375,0.14900358353073986
1448,96.201171875,0.07866566389058965
1449,96.25,0.12283829599032035
1450,96.3330078125,0.1085625400107571
1451,96.2744140625,0.08490105049313135
1452,96.4501953125,0.15578306152215557
1453,96.328125,0.11411815197238348
1454,96.2451171875,0.1595467234451301
1455,96.2060546875,0.08886480269999152
1456,96.2744140625,0.11692724645613158
1457,96.34765625,0.13652485010098156
1458,96.357421875,0.14742176919562827
1459,96.2060546875,0.1586475800860352
1460,96.2255859375,0.13422554635429154
1461,96.259765625,0.1598370273071734
1462,96.3525390625,0.07566171418730117
1463,96.416015625,0.1109161786289116
1464,96.630859375,0.07906873568679114
1465,96.3134765625,0.1434232379561211
1466,96.46484375,0.11257562803249077
1467,96.5087890625,0.16442024745995804
1468,96.318359375,0.0938381204778618
1469,96.2451171875,0.1311105623251714
1470,96.474609375,0.12262244923071199
1471,96.376953125,0.12539948101730614
1472,96.279296875,0.12000200905707527
1473,96.3232421875,0.10243567042682007
1474,96.2548828125,0.20381477808407866
1475,96.3427734375,0.12886884255740602
1476,96.416015625,0.09661993541442598
1477,96.357421875,0.0651854960758489
1478,95.9814453125,0.17963471305328158
1479,96.2109375,0.11163039192371255
1480,96.11328125,0.11257562803249077
1481,96.3037109375,0.13223720440722397
1482,96.4306640625,0.11542226986648044
1483,96.240234375,0.1224494978763283
1484,96.26953125,0.14230138668225517
1485,96.376953125,0.1056815304736193
1486,96.3037109375,0.150419158210443
1487,96.2646484375,0.10325990836954363
1488,96.494140625,0.1046740572318589
1489,96.2890625,0.15628390474163806
1490,96.4794921875,0.14028588367035477
1491,96.50390625,0.0977104884101799
1492,96.3671875,0.11875935121715299
1493,96.328125,0.12283829599032035
1494,96.4208984375,0.09407777354569287
1495,96.298828125,0.10840381383689265
1496,96.6259765625,0.09162414026717168
1497,96.3720703125,0.1392624388061994
1498,96.50390625,0.13206681494206243
1499,96.3916015625,0.11610876840502479
1500,96.4794921875,0.11656418795438722
1501,95.9716796875,0.17608992236871443
1502,95.927734375,0.12463665181690525
1503,95.595703125,0.1023709973536223
1504,95.3271484375,0.21556386772113392
1505,95.4052734375,0.11380433663029517
1506,94.6875,0.20339191864340242
1507,95.2685546875,0.19605030998826606
1508,94.6728515625,0.2332022253175694
1509,94.6044921875,0.22390651842769538
1510,94.5458984375,0.20329421078720905
1511,94.501953125,0.1863162502767472
1512,94.55078125,0.1790660486910816
1513,94.2138671875,0.1965631076552003
1514,94.3115234375,0.1933015507849369
1515,94.4482421875,0.09179745216278368
1516,94.3505859375,0.17148646356058564
1517,94.2529296875,0.10992053388608751
1518,93.759765625,0.2134334631222071
1519,94.12109375,0.14023866685246103
1520,94.3017578125,0.1589811890762205
1521,94.23828125,0.14774486611862261
1522,94.091796875,0.20224250738293054
1523,94.1455078125,0.21339001736978017
1524,94.4970703125,0.17256442428781532
1525,94.2431640625,0.25303356471042127
1526,94.3701171875,0.2248274624347626
1527,94.1015625,0.18179690111254168
1528,94.47265625,0.16627073944169443
1529,94.4189453125,0.136767182021782
1530,94.31640625,0.16553622571733226
1531,94.5361328125,0.1416015625
1532,94.19921875,0.17945027932731406
1533,94.82421875,0.21271236006125704
1534,94.443359375,0.19392410167456353
1535,94.482421875,0.12959654451428634
1536,94.345703125,0.15574054314981362
1537,94.7412109375,0.16836855126529945
1538,94.6533203125,0.14249672155345564
1539,94.9365234375,0.207932404334694
1540,94.6435546875,0.21309186501965352
1541,94.951171875,0.17274087449767708
1542,94.8681640625,0.12383704141684412
1543,94.7509765625,0.16280110168584147
1544,94.78515625,0.14166702569654258
1545,94.6435546875,0.150419158210443
1546,94.6630859375,0.14649341696630594
1547,94.892578125,0.2002945320692078
1548,95.0537109375,0.16063884195535993
1549,94.8388671875,0.21271858691274068
1550,94.82421875,0.19800659278314517
1551,94.5947265625,0.19801328208207047
1552,94.853515625,0.15512698642505018
1553,94.8974609375,0.19453104300873078
1554,94.78515625,0.10593190166193346
1555,94.86328125,0.1378764230764803
1556,95.0634765625,0.13151404246755052
1557,95.009765625,0.1347671975552373
1558,95.09765625,0.11942666880106861
1559,95.078125,0.18295892573432807
1560,95.048828125,0.12184223484513607
1561,95.0439453125,0.11943775917289928
1562,95.0927734375,0.1530726890566599
1563,95.0341796875,0.1402103291294386
1564,94.912109375,0.11504294952521021
1565,95.263671875,0.10242273907911636
1566,95.048828125,0.16995804013289859
1567,94.9609375,0.2157788205621947
1568,95.009765625,0.1720647823750327
1569,95.0830078125,0.17904385638124182
1570,95.126953125,0.20481961219712724
1571,95.166015625,0.09601485158693115
1572,95.029296875,0.1675404847976272
1573,95.087890625,0.09878900329097343
1574,95.2685546875,0.15720499442301006
1575,95.09765625,0.14248742596509953
1576,95.478515625,0.0824152923253396
1577,95.1123046875,0.17108434828382701
1578,95.0634765625,0.11791989379348929
1579,95.2587890625,0.14009692091800338
1580,95.068359375,0.0903283654004662
1581,95.458984375,0.10033225916290651
1582,95.13671875,0.15631780212946572
1583,95.2685546875,0.19913389439077553
1584,95.3564453125,0.16477432436220538
1585,95.1220703125,0.16185457563076494
1586,95.361328125,0.12795080733745798
1587,95.2734375,0.11777377939534858
1588,95.60546875,0.09091302111828738
1589,95.439453125,0.1443346307122094
1590,95.29296875,0.13718299157360336
1591,95.478515625,0.13814515087189416
1592,95.5322265625,0.10924364709993381
1593,95.3759765625,0.11961506527781983
1594,95.33203125,0.12205946132325958
1595,95.400390625,0.14481104439801576
1596,95.5615234375,0.08898396440648858
1597,95.2978515625,0.09294460634940907
1598,95.380859375,0.18127155979590953
1599,95.4052734375,0.1971283320535923
1600,95.517578125,0.10106884567877619
1601,95.4150390625,0.11701783507824667
1602,95.4443359375,0.10346494189656782
1603,95.1953125,0.09985587011834614
1604,95.29296875,0.1352381385276106
1605,95.3564453125,0.12907424409444557
1606,95.60546875,0.15746597164645604
1607,95.537109375,0.12162462039237894
1608,95.72265625,0.13286674239556348
1609,95.4345703125,0.15479362777487654
1610,95.4052734375,0.18232799349723525
1611,95.2734375,0.15960482646004248
1612,95.380859375,0.08432183494133215
1613,95.654296875,0.12732817197661422
1614,95.4296875,0.14136751790760718
1615,95.52734375,0.13246738248291537
1616,95.6298828125,0.11468547545542197
1617,95.537109375,0.08209323055285477
1618,95.6689453125,0.17963471305328158
1619,95.439453125,0.24535289304962593
1620,95.3271484375,0.156122791642187
1621,95.654296875,0.08795088597725453
1622,95.37109375,0.19636759286270405
1623,95.439453125,0.09468124721516268
1624,95.6494140625,0.18130809101487658
1625,95.4736328125,0.12899212272835
1626,95.517578125,0.1293510187910516
1627,95.5419921875,0.1400212644140828
1628,95.458984375,0.1599695621784585
1629,95.48828125,0.1261156941914747
1630,95.498046875,0.09595965477202913
1631,95.3369140625,0.08080853897985942
1632,95.7177734375,0.1228921984440929
1633,95.5322265625,0.15767612250954888
1634,95.41015625,0.17209557145685292
1635,95.4638671875,0.16004406481178196
1636,95.6103515625,0.13761679572869773
1637,95.4736328125,0.13734703417831887
1638,95.751953125,0.12732817197661422
1639,95.712890625,0.11481244849315363
1640,95.6884765625,0.1415267103406795
1641,95.5029296875,0.15223972866500787
1642,95.72265625,0.07358499059542523
1643,95.48828125,0.09126201672445433
1644,95.6982421875,0.1880499228168106
1645,95.5322265625,0.10604437584154898
1646,95.78125,0.23487179697327404
1647,95.615234375,0.14860302357439228
1648,95.9765625,0.14285877771804487
1649,95.771484375,0.11942666880106861
1650,95.908203125,0.08758869822313611
1651,95.8349609375,0.14449055416644652
1652,95.8251953125,0.13127210319940893
1653,95.7958984375,0.1305030031601634
1654,95.908203125,0.12873515581565878
1655,95.68359375,0.1167345122203197
1656,95.693359375,0.16942726145407686
1657,95.771484375,0.06312083147677511
1658,95.78125,0.16585597920386716
1659,95.791015625,0.08033178827638715
1660,95.83984375,0.1056815304736193
1661,95.6591796875,0.10609432609200692
1662,95.634765625,0.15699421291389967
1663,95.5419921875,0.13021850546204175
1664,95.830078125,0.13166502875102007
1665,95.6005859375,0.13876697699898272
1666,95.8740234375,0.07502884486729237
1667,95.830078125,0.1077665713362425
1668,95.859375,0.14752954679198776
1669,96.0107421875,0.12775396779420836
1670,95.6787109375,0.10039824552923916
1671,95.8203125,0.09468124721516268
1672,95.9423828125,0.10609432609200692
1673,95.849609375,0.15005768973458475
1674,95.849609375,0.09873535734442122
1675,95.76171875,0.06702884206371744
1676,95.9521484375,0.10977583807888833
1677,96.07421875,0.14652053951727734
1678,95.9619140625,0.11463926857383029
1679,95.791015625,0.088790245423085
1680,95.8984375,0.17590177195450907
1681,96.123046875,0.13246738248291537
1682,95.9814453125,0.18313982605906107
1683,95.80078125,0.09490481599683105
1684,95.673828125,0.15699421291389967
1685,95.7958984375,0.12948406968228388
1686,95.7666015625,0.08458845351683777
1687,96.0546875,0.050847979660850605
1688,95.87890625,0.11327937917516481
1689,95.693359375,0.14462799408543658
1690,95.9912109375,0.1385759430744355
1691,95.693359375,0.15675780114367846
1692,95.9521484375,0.12124285525041466
1693,95.712890625,0.15264810010017388
1694,96.0546875,0.12262244923071199
1695,96.0546875,0.12770211748654314
1696,95.6201171875,0.09739820508058059
1697,95.986328125,0.1120094435812842
1698,95.751953125,0.11252855480106512
1699,95.8056640625,0.15754165825099295
1700,95.6982421875,0.0910440512431445
1701,95.8544921875,0.1280439415053186
1702,95.751953125,0.12395464039492038
1703,95.9716796875,0.19615837879547443
1704,95.83984375,0.09056268062007523
1705,95.9423828125,0.0993905250050262
1706,95.947265625,0.10293872591693942
1707,95.8984375,0.07906873568679114
1708,95.859375,0.12518805028013938
1709,96.0009765625,0.09277343749999999
1710,96.083984375,0.1484246499372135
1711,96.025390625,0.11559427672242646
1712,96.015625,0.08740704155011428
1713,95.8642578125,0.1275464400941736
1714,95.9716796875,0.06479827225714317
1715,95.99609375,0.11508899433374795
1716,95.9716796875,0.10274553451879315
1717,95.8544921875,0.11519252785950843
1718,95.859375,0.19609759741964886
1719,96.19140625,0.1375301443637865
1720,96.0546875,0.07087090187850664
1721,95.9130859375,0.13811638361703635
1722,95.6591796875,0.1280439415053186
1723,96.240234375,0.10918300671385692
1724,96.171875,0.12249275860824725
1725,95.8544921875,0.13211695230195755
1726,95.986328125,0.12811633238381787
1727,95.986328125,0.17298607103628152
1728,96.07421875,0.163604581681368
1729,95.9716796875,0.12163551036154542
1730,96.1083984375,0.12027763533100466
1731,95.9765625,0.1109161786289116
1732,96.064453125,0.07778517672752942
1733,96.1669921875,0.14778968482619642
1734,95.8837890625,0.14988988437295306
1735,96.19140625,0.11938229701101723
1736,96.162109375,0.12943291244837918
1737,96.0595703125,0.10372066384345585
1738,96.1865234375,0.10733552795441112
1739,96.11328125,0.1544423979723497
1740,95.9033203125,0.08868575993375831
1741,96.044921875,0.14970419645269425
1742,96.0791015625,0.14918126494794573
1743,96.1376953125,0.15362548693407396
1744,95.9765625,0.19191930954405825
1745,96.0498046875,0.15171680613760025
1746,95.83984375,0.09456926462456998
1747,95.7373046875,0.13283683204909313
1748,96.1572265625,0.1686829359126459
1749,95.9130859375,0.15964631566671691
1750,95.9130859375,0.08107037373315282
1751,96.0888671875,0.14085125088749958
1752,96.015625,0.08144528647914585
1753,96.0546875,0.15843871775570256
1754,96.220703125,0.09496062594931524
1755,96.2060546875,0.10698944290068226
1756,96.0107421875,0.16438802083333334
1757,96.1279296875,0.12396532567922926
1758,96.171875,0.16933342192239523
1759,96.083984375,0.1086479119028557
1760,95.888671875,0.11365293131572976
1761,96.015625,0.12632557234330896
1762,96.11328125,0.12799220866756184
1763,96.162109375,0.10923152171590181
1764,96.11328125,0.15682538372976437
1765,96.11328125,0.12963742025872316
1766,96.11328125,0.10825709080934824
1767,95.9814453125,0.0976698124262858
1768,95.8984375,0.080397715073102
1769,96.181640625,0.10340091259289447
1770,96.30859375,0.13948102399497753
1771,96.0888671875,0.07073995381543206
1772,96.0791015625,0.10087207312725369
1773,96.0400390625,0.07752933179566766
1774,96.1572265625,0.1260841823363562
1775,96.07421875,0.14973958333333334
1776,96.0595703125,0.1356000392307361
1777,96.103515625,0.09705762705648159
1778,96.2646484375,0.1393004782602839
1779,96.083984375,0.1170970426341468
1780,96.1376953125,0.17139375146321947
1781,96.34765625,0.0997496969143526
1782,96.1474609375,0.11542226986648044
1783,96.0986328125,0.1539699777510712
1784,96.1669921875,0.11164225676850596
1785,96.0791015625,0.14649341696630594
1786,96.2060546875,0.1812496375303188
1787,96.07421875,0.10653039174448939
1788,96.0986328125,0.10953425363535964
1789,95.9912109375,0.1298926022313071
1790,95.9814453125,0.15059516945508344
1791,96.259765625,0.11559427672242646
1792,96.1865234375,0.17354412905994268
1793,96.376953125,0.09512785935027641
1794,96.19140625,0.1153189426036351
1795,96.07421875,0.19108932449790586
1796,96.4599609375,0.09663364328644138
1797,96.0302734375,0.13102971720428863
1798,96.07421875,0.1139787851563255
1799,96.025390625,0.09496062594931524
1800,96.0986328125,0.0824956113116809
1801,96.2744140625,0.10346494189656782
1802,96.1376953125,0.10977583807888833
1803,96.42578125,0.14166702569654258
1804,96.15234375,0.1378764230764803
1805,96.162109375,0.12075024082676696
1806,96.171875,0.11853607718771565
1807,96.07421875,0.1477807221720855
1808,96.4208984375,0.12671293049578072
1809,96.083984375,0.09568319307746789
1810,95.9521484375,0.1364569200437707
1811,95.95703125,0.10001491859203916
1812,96.4404296875,0.17369670877031912
1813,96.2353515625,0.0883865493644887
1814,96.259765625,0.11019733645710127
1815,96.1669921875,0.10013403916192723
1816,96.1767578125,0.09407777354569287
1817,96.4013671875,0.09407777354569287
1818,95.9423828125,0.10807340690777362
1819,96.142578125,0.11439637624222382
1820,96.0302734375,0.09294460634940907
1821,96.1962890625,0.11836834528370252
1822,96.328125,0.1363306744229943
1823,96.3232421875,0.10008111419038546
1824,96.50390625,0.1430440920749989
1825,96.435546875,0.10771739653498891
1826,96.2451171875,0.12783688454335249
1827,96.3232421875,0.09237281004988744
1828,96.3134765625,0.12944314551258843
1829,96.5869140625,0.14178852001804806
1830,96.25,0.2063658315181701
1831,96.3427734375,0.13009638742443075
1832,96.298828125,0.11365293131572976
1833,96.328125,0.09026969156160188
1834,96.0888671875,0.11746973031097742
1835,96.1181640625,0.19012339594884217
1836,96.1669921875,0.16312621654123446
1837,96.3525390625,0.12417883828263328
1838,96.2890625,0.09518353852352503
1839,96.2939453125,0.13450156862714238
1840,96.4892578125,0.1539699777510712
1841,96.279296875,0.13178569322914818
1842,96.3232421875,0.10992053388608751
1843,96.3330078125,0.07888425010450933
1844,96.4013671875,0.09463926927152753
1845,96.279296875,0.18725230492538614
1846,96.3330078125,0.08656957126935025
1847,96.494140625,0.14370924514742262
1848,96.38671875,0.14226414963158956
1849,96.3916015625,0.1040776190022667
1850,96.4453125,0.1221896118432517
1851,96.2255859375,0.09407777354569287
1852,96.40625,0.07980241323002124
1853,96.162109375,0.13004547106405062
1854,96.3037109375,0.16358029178713845
1855,96.494140625,0.10692752412537007
1856,96.3134765625,0.1619854597727482
1857,96.3671875,0.14099223846163875
1858,96.3916015625,0.11926018946433833
1859,96.26953125,0.10195611825107959
1860,96.4697265625,0.08521250073377881
1861,96.2451171875,0.11679123177675936
1862,96.376953125,0.07415876139254243
1863,96.3134765625,0.13247738115315516
1864,96.26953125,0.1611574712823771
1865,96.220703125,0.13246738248291537
1866,96.3671875,0.10169595932170121
1867,96.2841796875,0.11473166372771554
1868,96.2841796875,0.13567816110916295
1869,96.357421875,0.10653039174448939
1870,96.23046875,0.10365679250059022
1871,96.337890625,0.11691591794315084
1872,96.2353515625,0.11473166372771554
1873,96.3037109375,0.16146128662033565
1874,96.1328125,0.14680953494504792
1875,96.4013671875,0.1357952596589593
1876,96.38671875,0.10845267740206822
1877,96.4306640625,0.15938059811535973
1878,96.1474609375,0.09475116912648361
1879,96.03515625,0.161911850461535
1880,96.3134765625,0.13167508834753175
1881,96.3037109375,0.19934663013350332
1882,96.4794921875,0.11836834528370252
1883,96.5625,0.09298734932998502
1884,96.328125,0.07271584604065325
1885,96.1865234375,0.13684463760325452
1886,96.3134765625,0.1097275637414269
1887,96.474609375,0.041687006754120105
1888,96.494140625,0.13864283488962795
1889,96.4208984375,0.07280686603627944
1890,96.484375,0.16898889781793502
1891,96.240234375,0.10059594492423465
1892,96.5966796875,0.096304115836504
1893,96.376953125,0.1401630868594465
1894,96.3232421875,0.1435709257161482
1895,96.318359375,0.06679129078347393
1896,96.318359375,0.09355538973437444
1897,96.611328125,0.10825709080934824
1898,96.4501953125,0.1383080522960083
1899,96.1279296875,0.1413394065127896
1900,96.25,0.12240622185522894
1901,96.611328125,0.09355538973437444
1902,96.416015625,0.1237835504025491
1903,96.123046875,0.10502777216732864
1904,96.318359375,0.06141914799516018
1905,96.23046875,0.15910611210742104
1906,96.4892578125,0.14620379668160724
1907,96.26953125,0.18531829853502974
1908,96.484375,0.11062920226540643
1909,96.4501953125,0.1044840745163023
1910,96.2744140625,0.12460476592072399
1911,96.42578125,0.1363306744229943
1912,96.3720703125,0.1260841823363562
1913,96.1865234375,0.10018693617521089
1914,96.376953125,0.16531203028117994
1915,96.25,0.13358258156694786
1916,96.474609375,0.12131930438531395
1917,96.240234375,0.12438133577176302
1918,96.4599609375,0.11020935558092576
1919,96.171875,0.17411561354578556
1920,96.5087890625,0.1310701459979703
1921,96.259765625,0.08801110569398289
1922,96.4111328125,0.10579427083333333
1923,96.5087890625,0.11164225676850596
1924,96.4208984375,0.1079753143920702
1925,96.298828125,0.1854040477330487
1926,96.2890625,0.15679159607802468
1927,96.3525390625,0.17785625447571596
1928,96.640625,0.1403519605293626
1929,96.2451171875,0.09162414026717168
1930,96.5478515625,0.1198363289986977
1931,96.42578125,0.14752954679198776
1932,96.5087890625,0.15750802425012908
1933,96.1376953125,0.08957739522016284
1934,96.513671875,0.14174180375701328
1935,96.3916015625,0.14438050803154356
1936,96.455078125,0.08369114669389609
1937,96.3916015625,0.10509081026925733
1938,96.38671875,0.09601485158693115
1939,96.376953125,0.13710572713966593
1940,96.4892578125,0.09586298387127097
1941,96.4111328125,0.1751849574621571
1942,96.2890625,0.11439637624222382
1943,96.40625,0.11898220626625693
1944,96.4306640625,0.0747458496302411
1945,96.40625,0.16933342192239523
1946,96.513671875,0.13698974877930215
1947,96.1962890625,0.10904947916666666
1948,96.376953125,0.07087090187850664
1949,96.3525390625,0.17696032272045778
1950,96.630859375,0.10059594492423465
1951,96.513671875,0.098520481448057
1952,96.5283203125,0.1414143578141003
1953,96.318359375,0.10653039174448939
1954,96.3232421875,0.14953599441072107
1955,96.4208984375,0.09435893906663896
1956,96.5234375,0.13437348594108264
1957,96.396484375,0.11010113623234219
1958,96.7236328125,0.14960683937236965
1959,96.572265625,0.15658871706778246
1960,96.5283203125,0.19591514015008693
1961,96.5087890625,0.12923833028063356
1962,96.3525390625,0.139072085465716
1963,96.2939453125,0.11286939093480344
1964,96.6259765625,0.09016692047177434
1965,96.46484375,0.11853607718771565
1966,96.58203125,0.07634140234087614
1967,96.2451171875,0.09831860879257133
1968,96.435546875,0.1586392308725417
1969,96.5576171875,0.09069421689944683
1970,96.4453125,0.12476411391104686
1971,96.2939453125,0.07820972510894507
1972,96.50390625,0.1626301562082916
1973,96.455078125,0.09905679723113892
1974,96.396484375,0.08066088342033767
1975,96.5576171875,0.11375777184249057
1976,96.5283203125,0.12553672004084412
1977,96.4404296875,0.12968849682201408
1978,96.4697265625,0.09491877156134981
1979,96.3232421875,0.07566171418730117
1980,96.3916015625,0.18987242626426723
1981,96.376953125,0.061246379304123626
1982,96.5087890625,0.15462239583333331
1983,96.40625,0.11763874348693132
1984,96.5869140625,0.09777824411377337
1985,96.3671875,0.10898873074728649
1986,96.3818359375,0.09885601978554827
1987,96.23046875,0.087890625
1988,96.4697265625,0.15914773132707857
1989,96.38671875,0.11182007836795357
1990,96.669921875,0.08419607523683308
1991,96.30859375,0.14341400242129354
1992,96.46484375,0.1535823712511126
1993,96.533203125,0.11439637624222382
1994,96.5283203125,0.11656418795438722
1995,96.474609375,0.13671875
1996,96.630859375,0.09656508446739144
1997,96.38671875,0.11369953904018867
1998,96.42578125,0.15608036581688609
1999,96.5478515625,0.10649308465465879
